<?xml version="1.0" encoding="UTF-8"?>
<project-private xmlns="http://www.netbeans.org/ns/project-private/1">
    <editor-bookmarks xmlns="http://www.netbeans.org/ns/editor-bookmarks/2" lastBookmarkId="0"/>
    <open-files xmlns="http://www.netbeans.org/ns/projectui-open-files/2">
        <group>
            <file>file:/C:/Users/Laptop/Documents/NetBeansProjects/manas/src/manas/cancellation.java</file>
            <file>file:/C:/Users/Laptop/Documents/NetBeansProjects/manas/src/manas/Manas.java</file>
            <file>file:/C:/Users/Laptop/Documents/NetBeansProjects/manas/src/NewClass.java</file>
            <file>file:/C:/Users/Laptop/Documents/NetBeansProjects/manas/src/manas/book.java</file>
            <file>file:/C:/Users/Laptop/Documents/NetBeansProjects/manas/src/manas/history.java</file>
            <file>file:/C:/Users/Laptop/Documents/NetBeansProjects/manas/src/manas/home.java</file>
            <file>file:/C:/Users/Laptop/Documents/NetBeansProjects/manas/src/manas/login.java</file>
            <file>file:/C:/Users/Laptop/Documents/NetBeansProjects/manas/src/manas/first.java</file>
            <file>file:/C:/Users/Laptop/Documents/NetBeansProjects/manas/src/manas/booking.java</file>
        </group>
    </open-files>
</project-private>
